{"formatVersion":1,"components":[{"cachedName":"LWJGL 3","cachedVersion":"3.3.2","cachedVolatile":true,"dependencyOnly":true,"uid":"org.lwjgl3","version":"3.3.2"},{"cachedName":"Minecraft","cachedRequires":[{"suggests":"3.3.1","uid":"org.lwjgl3"}],"cachedVersion":"1.20.1","important":true,"uid":"net.minecraft","version":"1.20.1"},{"cachedName":"Intermediary Mappings","cachedRequires":[{"equals":"1.20.1","uid":"net.minecraft"}],"cachedVersion":"1.20.1","cachedVolatile":true,"dependencyOnly":true,"uid":"net.fabricmc.intermediary","version":"1.20.1"},{"cachedName":"Quilt Loader","cachedRequires":[{"uid":"net.fabricmc.intermediary"}],"cachedVersion":"0.21.0","uid":"org.quiltmc.quilt-loader","version":"0.21.0"}]}